Time, Status Code, Method, Route, IP
2025:12:07 - 11:30:51,200,GET,/,127.0.0.1
2025:12:07 - 11:31:04,200,GET,/,127.0.0.1
2025:12:07 - 11:31:14,404,GET,/nnnn,127.0.0.1
2025:12:07 - 11:31:57,200,GET,/,127.0.0.1
2025:12:07 - 11:32:08,404,GET,/nnnn,127.0.0.1
2025:12:07 - 11:36:21,200,GET,/,127.0.0.1
2025:12:07 - 11:36:44,200,GET,/,127.0.0.1
2025:12:07 - 11:36:46,200,POST,/Comment,127.0.0.1
2025:12:07 - 11:37:25,200,POST,/Comment,127.0.0.1
2025:12:07 - 11:37:32,404,GET,/Comment,127.0.0.1
2025:12:07 - 11:38:37,200,GET,/slow,127.0.0.1
2025:12:07 - 11:38:41,200,GET,/,127.0.0.1
2025:12:07 - 12:10:10,200,GET,/static/img,127.0.0.1
2025:12:07 - 12:13:31,200,GET,/static/img,127.0.0.1
2025:12:07 - 12:13:32,200,GET,/static/img,127.0.0.1
2025:12:07 - 12:13:32,200,GET,/static/img,127.0.0.1
2025:12:07 - 12:13:32,200,GET,/static/img,127.0.0.1
2025:12:07 - 12:13:37,200,GET,/static/img,127.0.0.1
2025:12:07 - 12:14:07,200,GET,/static/img,127.0.0.1
2025:12:07 - 12:14:07,200,GET,/static/img,127.0.0.1
2025:12:07 - 12:14:07,200,GET,/static/img,127.0.0.1
2025:12:07 - 12:15:07,200,GET,/static/img,127.0.0.1
2025:12:07 - 12:29:42,200,GET,/,127.0.0.1
2025:12:07 - 12:29:44,200,GET,/,127.0.0.1
2025:12:07 - 12:29:54,200,POST,/Comment,127.0.0.1
2025:12:07 - 12:30:03,200,GET,/static/img,127.0.0.1
2025:12:07 - 12:30:07,200,GET,/slow,127.0.0.1
2025:12:07 - 13:40:36,200,GET,/static/img,127.0.0.1
2025:12:07 - 13:41:45,404,GET,/static/img,127.0.0.1
2025:12:07 - 13:42:23,404,GET,/static/php.png,127.0.0.1
2025:12:07 - 13:43:24,200,GET,/static/php.png,127.0.0.1
2025:12:07 - 13:48:33,404,GET,/static/php.png,127.0.0.1
2025:12:07 - 13:54:02,200,GET,/,127.0.0.1
2025:12:07 - 13:54:07,200,POST,/Comment,127.0.0.1
2025:12:07 - 13:54:17,200,GET,/slow,127.0.0.1
2025:12:07 - 13:54:20,200,GET,/,127.0.0.1
2025:12:07 - 13:54:29,404,GET,/static/php.png,127.0.0.1
2025:12:07 - 13:54:33,200,GET,/slow,127.0.0.1
2025:12:07 - 13:55:15,200,GET,/static/php.png,127.0.0.1
2025:12:07 - 13:55:45,200,GET,/static/php.png,127.0.0.1
2025:12:07 - 13:55:48,200,POST,/Comment,127.0.0.1
2025:12:07 - 13:59:07,200,GET,/static/video.mp4,127.0.0.1
2025:12:07 - 13:59:08,200,GET,/static/video.mp4,127.0.0.1
2025:12:07 - 13:59:08,200,GET,/slow,127.0.0.1
2025:12:07 - 13:59:08,200,GET,/static/video.mp4,127.0.0.1
2025:12:07 - 13:59:09,200,GET,/static/video.mp4,127.0.0.1
2025:12:07 - 17:20:16,200,GET,/,127.0.0.1
2025:12:07 - 17:20:26,404,GET,/home,127.0.0.1
2025:12:07 - 17:21:17,404,GET,/home,127.0.0.1
2025:12:07 - 17:21:20,200,GET,/,127.0.0.1
2025:12:07 - 17:22:49,200,GET,/,127.0.0.1
2025:12:07 - 17:24:17,404,GET,/,127.0.0.1
2025:12:07 - 17:24:20,200,GET,/home,127.0.0.1
2025:12:16 - 22:27:16,200,GET,/,127.0.0.1
2025:12:16 - 22:27:16,404,GET,/favicon.ico,127.0.0.1
